id,name,category,sex,palme dor,goldener bär,leone doro,felix,pardo doro,year,nationality,funding,korrigiert
Tri,triangle of sadness,1,99,1,99,99,1,99,2022,dändeufraschd,1,x
EsFiPr,essential filmproduktion,3,99,99,99,99,99,99,99,deu,99,
PlPr,plattform produktion,3,99,99,99,99,99,99,99,schd,99,
CoOf,coproduction office,3,99,99,99,99,99,99,99,deufra,99,
SvTeAb,sveriges television ab,3,99,99,99,99,99,99,99,schd,99,
ArFrCi,arte france cinema,3,99,99,99,99,99,99,99,fra,99,
NoFi,nordisk film,3,99,99,99,99,99,99,99,dännorschd,99,
He,heretic,3,99,99,99,99,99,99,99,gri,99,
BoCaFiSa,bord cadre film sars,3,99,99,99,99,99,99,99,schz,99,
SoFi,sovereign films,3,99,99,99,99,99,99,99,bri,99,
SoPaDePr,societe parisienne de production ,3,99,99,99,99,99,99,99,fra,99,
Fi,filmförderungsanstalt,4,99,99,99,99,99,99,99,deu,99,
GrFiCe,greek film centre,4,99,99,99,99,99,99,99,gri,99,
MeBe,medienboard berlin-brandenburg,4,99,99,99,99,99,99,99,deu,99,
FiIVä,film i väst,4,99,99,99,99,99,99,99,schd,99,
DeDaFi,det danske filminstitut,4,99,99,99,99,99,99,99,dän,99,
BrFiIn,british film institute,4,99,99,99,99,99,99,99,bri,99,
SvFi,svenska filminstitutet,4,99,99,99,99,99,99,99,schd,99,
CrEuMe,creative europe media,4,99,99,99,99,99,99,99,eur,99,
Eu,eurimages,4,99,99,99,99,99,99,99,eur,99,
phbo,philippe bober,2,2,99,99,99,99,99,99,99,99,
erhe,erik hemmendorff,2,2,99,99,99,99,99,99,99,99,
clkö,clemens köstlin ,2,2,99,99,99,99,99,99,99,99,
Ano,another round druk,1,99,99,99,99,1,99,2020,dän,1,x
TvDe,tv2 denmark,4,99,99,99,99,99,99,99,dän,99,
NeFiFu,netherland film funds,4,99,99,99,99,99,99,99,nie,99,
SwFiIn,swedish film institute,4,99,99,99,99,99,99,99,schd,99,
NeFiPrIn,netherland film production incentive,4,99,99,99,99,99,99,99,nie,99,
kadi,kasper dissing,2,99,99,99,99,99,99,99,99,99,
sijo,sisse graum jorgensen,2,99,99,99,99,99,99,99,99,99,
MoFiHaSc,moin filmförderung hamburg schleswig-holstein,4,99,99,99,99,99,99,99,deu,99,
NoFiTv,nordisk film tv-fond,4,99,99,99,99,99,99,99,nor,99,