id,name,category,sex,palme dor,goldener bär,leone doro,felix,pardo doro,year,nationality,funding,korrigiert
Quo,quo vadis aida,1,99,99,99,99,1,99,2021,bos,1,x
De,deblokada,3,99,99,99,99,99,99,99,bos,99,
Co99Fi,coop 99 filmproduktion,3,99,99,99,99,99,99,99,öst,99,
DiCu,digital cube,3,99,99,99,99,99,99,99,rom,99,
N2En,n279 entertainment,3,99,99,99,99,99,99,99,nie,99,
RaFiPr,razor film produktion,3,99,99,99,99,99,99,99,deu,99,
ExEm,extreme emotions,3,99,99,99,99,99,99,99,pol,99,
InPr,indie prod,3,99,99,99,99,99,99,99,fra,99,
ToAs,tordenfilm as,3,99,99,99,99,99,99,99,nor,99,
OrFi,orf film-fernsehabkommen,4,99,99,99,99,99,99,99,öst,99,
ÖsFi,österreichisches filminstitut,4,99,99,99,99,99,99,99,öst,99,
PoFi,polnisches filminstitut,4,99,99,99,99,99,99,99,pol,99,
jazb,jasmila zbanic,2,1,99,99,99,99,99,99,99,99,
daib,damir ibrahimovich,2,2,99,99,99,99,99,99,99,99,
Ano,another round druk,1,99,99,99,99,1,99,2020,dän,1,x
TvDe,tv2 denmark,4,99,99,99,99,99,99,99,dän,99,
NeFiFu,netherland film funds,4,99,99,99,99,99,99,99,nie,99,
SwFiIn,swedish film institute,4,99,99,99,99,99,99,99,schd,99,
NeFiPrIn,netherland film production incentive,4,99,99,99,99,99,99,99,nie,99,
kadi,kasper dissing,2,99,99,99,99,99,99,99,99,99,
sijo,sisse graum jorgensen,2,99,99,99,99,99,99,99,99,99,
MeBe,medienboard berlin-brandenburg,4,99,99,99,99,99,99,99,deu,99,
Fi,filmförderungsanstalt,4,99,99,99,99,99,99,99,deu,99,
NoFi,nordisk film,3,99,99,99,99,99,99,99,dännorschd,99,
FiIVä,film i väst,4,99,99,99,99,99,99,99,schd,99,
Eu,eurimages,4,99,99,99,99,99,99,99,eur,99,
DeDaFi,det danske filminstitut,4,99,99,99,99,99,99,99,dän,99,
CrEuMe,creative europe media,4,99,99,99,99,99,99,99,eur,99,